{"cameraMode":{"drawMode":0,"name":"Shaded","section":"Shading Mode"},"sceneLighting":true,"audioPlay":false,"sceneViewState":{"m_AlwaysRefresh":false,"showFog":true,"showSkybox":true,"showFlares":true,"showImageEffects":true,"showParticleSystems":true,"showVisualEffectGraphs":true,"m_FxEnabled":true},"in2DMode":false,"pivot":{"x":5.5617852210998539,"y":0.20459900796413423,"z":110.1670913696289},"rotation":{"x":0.018664611503481866,"y":0.6398400664329529,"z":-0.01555740088224411,"w":0.7681536078453064},"size":3.6924169063568117,"orthographic":false}